RCP,city,year,value
85,Athens,1986,4.72846698760986
85,Athens,1987,5.02763414382935
85,Athens,1988,5.23133134841919
85,Athens,1989,5.04108905792236
85,Athens,1990,5.18243741989136
85,Athens,1991,5.26165008544922
85,Athens,1992,5.44104385375977
85,Athens,1993,5.32075595855713
85,Athens,1994,5.68045282363892
85,Athens,1995,5.5593318939209
85,Athens,1996,5.61218070983887
85,Athens,1997,5.72618007659912
85,Athens,1998,5.87069511413574
85,Athens,1999,6.01422548294067
85,Athens,2000,6.14058923721313
85,Athens,2001,6.32102870941162
85,Athens,2002,6.57928609848022
85,Athens,2003,6.75590753555298
85,Athens,2004,7.04680156707764
85,Athens,2005,7.43743801116943
85,Athens,2006,7.87963533401489
85,Athens,2007,8.26446914672852
85,Athens,2008,8.60407543182373
85,Athens,2009,8.69193935394287
85,Athens,2010,8.69522666931152
85,Athens,2011,9.02068138122559
85,Athens,2012,9.21695423126221
85,Athens,2013,9.2925615310669
85,Athens,2014,9.50922775268555
85,Athens,2015,9.86880397796631
85,Athens,2016,9.98794078826904
85,Athens,2017,10.1109409332275
85,Athens,2018,10.2219858169556
85,Athens,2019,10.7103805541992
85,Athens,2020,11.0907440185547
85,Athens,2021,11.4580936431885
85,Athens,2022,11.7831087112427
85,Athens,2023,12.3857154846191
85,Athens,2024,12.4799737930298
85,Athens,2025,12.7190961837769
85,Athens,2026,13.1715059280396
85,Athens,2027,13.8446893692017
85,Athens,2028,14.3084774017334
85,Athens,2029,14.9742813110352
85,Athens,2030,15.3440856933594
85,Athens,2031,15.6667537689209
85,Athens,2032,16.0662250518799
85,Athens,2033,16.9208927154541
85,Athens,2034,17.3498020172119
85,Athens,2035,17.9299240112305
85,Athens,2036,18.214319229126
85,Athens,2037,18.8038787841797
85,Athens,2038,19.4808502197266
85,Athens,2039,20.3442440032959
85,Athens,2040,20.8069591522217
85,Athens,2041,21.4706420898438
85,Athens,2042,21.9952945709229
85,Athens,2043,22.7090835571289
85,Athens,2044,23.1290550231934
85,Athens,2045,23.7281322479248
85,Athens,2046,24.5697689056396
85,Athens,2047,25.3884830474854
85,Athens,2048,26.4312705993652
85,Athens,2049,26.9078636169434
85,Athens,2050,27.5217876434326
85,Athens,2051,28.2193794250488
85,Athens,2052,28.9530029296875
85,Athens,2053,29.7661552429199
85,Athens,2054,30.9057922363281
85,Athens,2055,32.1139602661133
85,Athens,2056,32.8293991088867
85,Athens,2057,33.1415977478027
85,Athens,2058,33.7111434936523
85,Athens,2059,33.6854629516602
85,Athens,2060,34.6590538024902
85,Athens,2061,35.6139183044434
85,Athens,2062,36.5771903991699
85,Athens,2063,37.4257392883301
85,Athens,2064,38.333194732666
85,Athens,2065,38.9715156555176
85,Athens,2066,40.0300750732422
85,Athens,2067,40.7234992980957
85,Athens,2068,41.4075164794922
85,Athens,2069,42.0426826477051
85,Athens,2070,42.9656982421875
85,Athens,2071,43.5040512084961
85,Athens,2072,44.3198547363281
85,Athens,2073,45.452808380127
85,Athens,2074,46.6967468261719
85,Athens,2075,47.4555053710938
85,Athens,2076,48.1050834655762
85,Athens,2077,49.0181427001953
85,Athens,2078,49.5019187927246
85,Athens,2079,50.5580863952637
85,Athens,2080,51.4963455200195
85,Athens,2081,52.5025405883789
85,Athens,2082,53.6596031188965
85,Athens,2083,54.4344635009766
85,Athens,2084,55.0476608276367
85,Athens,2085,55.6151161193848
85,Barcelona,1986,3.00462651252747
85,Barcelona,1987,3.11053705215454
85,Barcelona,1988,3.2334578037262
85,Barcelona,1989,2.9748809337616
85,Barcelona,1990,3.01118779182434
85,Barcelona,1991,3.0055844783783
85,Barcelona,1992,3.31328415870667
85,Barcelona,1993,3.50704717636108
85,Barcelona,1994,3.46258473396301
85,Barcelona,1995,3.6573543548584
85,Barcelona,1996,3.66732811927795
85,Barcelona,1997,3.78801012039185
85,Barcelona,1998,3.88956737518311
85,Barcelona,1999,4.00732374191284
85,Barcelona,2000,4.15310001373291
85,Barcelona,2001,4.5191502571106
85,Barcelona,2002,4.67577743530273
85,Barcelona,2003,4.84000968933105
85,Barcelona,2004,4.91972398757935
85,Barcelona,2005,5.01901865005493
85,Barcelona,2006,5.36115264892578
85,Barcelona,2007,5.8460841178894
85,Barcelona,2008,6.05434608459473
85,Barcelona,2009,6.13036394119263
85,Barcelona,2010,6.5026683807373
85,Barcelona,2011,6.6599588394165
85,Barcelona,2012,6.70925903320312
85,Barcelona,2013,7.06912469863892
85,Barcelona,2014,7.41853761672974
85,Barcelona,2015,7.38617467880249
85,Barcelona,2016,7.36722040176392
85,Barcelona,2017,7.52460527420044
85,Barcelona,2018,7.89811754226685
85,Barcelona,2019,8.18937492370605
85,Barcelona,2020,8.40906715393066
85,Barcelona,2021,8.76784896850586
85,Barcelona,2022,9.11220836639404
85,Barcelona,2023,9.27954959869385
85,Barcelona,2024,9.54946613311768
85,Barcelona,2025,9.71832942962646
85,Barcelona,2026,10.0705318450928
85,Barcelona,2027,10.3314580917358
85,Barcelona,2028,10.8687400817871
85,Barcelona,2029,11.2204437255859
85,Barcelona,2030,12.0313415527344
85,Barcelona,2031,12.3395719528198
85,Barcelona,2032,12.7958841323853
85,Barcelona,2033,12.8505620956421
85,Barcelona,2034,13.1475639343262
85,Barcelona,2035,13.5903062820435
85,Barcelona,2036,14.2740879058838
85,Barcelona,2037,15.077540397644
85,Barcelona,2038,15.6360092163086
85,Barcelona,2039,16.3562812805176
85,Barcelona,2040,17.1273899078369
85,Barcelona,2041,17.9242725372314
85,Barcelona,2042,19.0552463531494
85,Barcelona,2043,19.9293689727783
85,Barcelona,2044,19.9714183807373
85,Barcelona,2045,20.8049049377441
85,Barcelona,2046,21.5361442565918
85,Barcelona,2047,22.0337982177734
85,Barcelona,2048,22.4339733123779
85,Barcelona,2049,23.0717468261719
85,Barcelona,2050,23.7482681274414
85,Barcelona,2051,24.6108818054199
85,Barcelona,2052,25.163143157959
85,Barcelona,2053,25.6198444366455
85,Barcelona,2054,26.4044990539551
85,Barcelona,2055,27.6767482757568
85,Barcelona,2056,28.5841751098633
85,Barcelona,2057,29.325798034668
85,Barcelona,2058,29.7842922210693
85,Barcelona,2059,30.7648296356201
85,Barcelona,2060,30.9575824737549
85,Barcelona,2061,31.8809013366699
85,Barcelona,2062,32.6459121704102
85,Barcelona,2063,34.3859977722168
85,Barcelona,2064,35.1147155761719
85,Barcelona,2065,35.7405891418457
85,Barcelona,2066,36.343147277832
85,Barcelona,2067,36.6414947509766
85,Barcelona,2068,37.6249389648438
85,Barcelona,2069,38.0784912109375
85,Barcelona,2070,38.3635673522949
85,Barcelona,2071,38.9333534240723
85,Barcelona,2072,39.5595893859863
85,Barcelona,2073,40.0174026489258
85,Barcelona,2074,41.0756454467773
85,Barcelona,2075,42.2644691467285
85,Barcelona,2076,42.954158782959
85,Barcelona,2077,44.0008850097656
85,Barcelona,2078,45.1244735717773
85,Barcelona,2079,46.2955551147461
85,Barcelona,2080,47.171745300293
85,Barcelona,2081,47.3198890686035
85,Barcelona,2082,47.9093437194824
85,Barcelona,2083,49.2917175292969
85,Barcelona,2084,50.2519187927246
85,Barcelona,2085,50.6319885253906
85,Budapest,1986,3.6646146774292
85,Budapest,1987,3.78641104698181
85,Budapest,1988,4.03211688995361
85,Budapest,1989,3.91693735122681
85,Budapest,1990,3.98500657081604
85,Budapest,1991,4.31295490264893
85,Budapest,1992,4.47597932815552
85,Budapest,1993,4.38672113418579
85,Budapest,1994,4.68781185150146
85,Budapest,1995,4.61513614654541
85,Budapest,1996,4.73636722564697
85,Budapest,1997,4.88360404968262
85,Budapest,1998,4.95847702026367
85,Budapest,1999,4.98224353790283
85,Budapest,2000,5.17692708969116
85,Budapest,2001,5.69241809844971
85,Budapest,2002,5.87325811386108
85,Budapest,2003,6.14606094360352
85,Budapest,2004,6.28996706008911
85,Budapest,2005,6.58092355728149
85,Budapest,2006,6.84788465499878
85,Budapest,2007,6.98806381225586
85,Budapest,2008,7.14945650100708
85,Budapest,2009,7.34861946105957
85,Budapest,2010,7.56396770477295
85,Budapest,2011,7.79047298431396
85,Budapest,2012,8.04459762573242
85,Budapest,2013,8.40353965759277
85,Budapest,2014,8.68205451965332
85,Budapest,2015,8.9323673248291
85,Budapest,2016,8.86582660675049
85,Budapest,2017,8.97183609008789
85,Budapest,2018,9.17723560333252
85,Budapest,2019,9.46798038482666
85,Budapest,2020,9.79289627075195
85,Budapest,2021,9.97797012329102
85,Budapest,2022,10.2215633392334
85,Budapest,2023,10.4977970123291
85,Budapest,2024,10.2922267913818
85,Budapest,2025,10.6154251098633
85,Budapest,2026,10.7348127365112
85,Budapest,2027,10.8423089981079
85,Budapest,2028,11.406210899353
85,Budapest,2029,11.7449016571045
85,Budapest,2030,12.0811672210693
85,Budapest,2031,12.066029548645
85,Budapest,2032,12.483998298645
85,Budapest,2033,12.4718532562256
85,Budapest,2034,12.5066318511963
85,Budapest,2035,12.7165126800537
85,Budapest,2036,12.8909044265747
85,Budapest,2037,13.3426456451416
85,Budapest,2038,13.6458492279053
85,Budapest,2039,13.9301462173462
85,Budapest,2040,14.3166399002075
85,Budapest,2041,15.1629972457886
85,Budapest,2042,15.6474618911743
85,Budapest,2043,16.0687351226807
85,Budapest,2044,16.1281585693359
85,Budapest,2045,16.4556102752686
85,Budapest,2046,17.0594635009766
85,Budapest,2047,17.4622268676758
85,Budapest,2048,17.6378364562988
85,Budapest,2049,18.0016975402832
85,Budapest,2050,18.3597164154053
85,Budapest,2051,18.4545879364014
85,Budapest,2052,18.6993732452393
85,Budapest,2053,18.8842792510986
85,Budapest,2054,19.9794616699219
85,Budapest,2055,20.4349040985107
85,Budapest,2056,21.2730121612549
85,Budapest,2057,22.0065994262695
85,Budapest,2058,22.0712985992432
85,Budapest,2059,22.2484378814697
85,Budapest,2060,22.5899353027344
85,Budapest,2061,23.197135925293
85,Budapest,2062,23.7710437774658
85,Budapest,2063,24.8123149871826
85,Budapest,2064,25.7004814147949
85,Budapest,2065,26.6078929901123
85,Budapest,2066,27.2398242950439
85,Budapest,2067,27.7420215606689
85,Budapest,2068,28.259838104248
85,Budapest,2069,29.201208114624
85,Budapest,2070,29.7249317169189
85,Budapest,2071,29.7472515106201
85,Budapest,2072,30.1708908081055
85,Budapest,2073,30.5502014160156
85,Budapest,2074,31.1556434631348
85,Budapest,2075,32.1614418029785
85,Budapest,2076,33.1483764648438
85,Budapest,2077,33.9464912414551
85,Budapest,2078,34.436840057373
85,Budapest,2079,35.2715759277344
85,Budapest,2080,35.8856468200684
85,Budapest,2081,36.7966194152832
85,Budapest,2082,37.7756996154785
85,Budapest,2083,38.5980377197266
85,Budapest,2084,38.951847076416
85,Budapest,2085,39.5813102722168
85,London,1986,3.40300273895264
85,London,1987,3.61123061180115
85,London,1988,3.82390785217285
85,London,1989,3.86985111236572
85,London,1990,4.09460210800171
85,London,1991,4.10311698913574
85,London,1992,4.17163515090942
85,London,1993,4.3426456451416
85,London,1994,4.4571738243103
85,London,1995,4.69043970108032
85,London,1996,4.97360038757324
85,London,1997,5.13620138168335
85,London,1998,5.13605785369873
85,London,1999,5.3487057685852
85,London,2000,5.68802356719971
85,London,2001,5.93201017379761
85,London,2002,6.11972522735596
85,London,2003,6.11213874816895
85,London,2004,6.249596118927
85,London,2005,6.42249584197998
85,London,2006,6.41840076446533
85,London,2007,6.64183664321899
85,London,2008,6.77905416488647
85,London,2009,6.73567962646484
85,London,2010,6.74419450759888
85,London,2011,7.03811359405518
85,London,2012,7.10253667831421
85,London,2013,7.35214424133301
85,London,2014,7.30602836608887
85,London,2015,7.2893238067627
85,London,2016,7.34573841094971
85,London,2017,7.18551588058472
85,London,2018,7.33106660842896
85,London,2019,7.62009716033936
85,London,2020,7.48077964782715
85,London,2021,7.35567426681519
85,London,2022,7.49723529815674
85,London,2023,7.47169971466064
85,London,2024,7.42159414291382
85,London,2025,7.29017925262451
85,London,2026,7.16920709609985
85,London,2027,7.23310279846191
85,London,2028,7.71184349060059
85,London,2029,7.71824932098389
85,London,2030,7.73502159118652
85,London,2031,7.67223882675171
85,London,2032,7.72402286529541
85,London,2033,7.74268436431885
85,London,2034,7.81348419189453
85,London,2035,7.98798608779907
85,London,2036,8.71484661102295
85,London,2037,8.65644550323486
85,London,2038,8.73564624786377
85,London,2039,9.02706336975098
85,London,2040,9.51217174530029
85,London,2041,10.0166883468628
85,London,2042,10.5432529449463
85,London,2043,11.2352066040039
85,London,2044,11.7206783294678
85,London,2045,11.9225292205811
85,London,2046,12.6002416610718
85,London,2047,13.2685871124268
85,London,2048,13.3191900253296
85,London,2049,13.8259973526001
85,London,2050,14.3114395141602
85,London,2051,14.6554174423218
85,London,2052,15.3408889770508
85,London,2053,15.7226963043213
85,London,2054,16.1960182189941
85,London,2055,16.6689548492432
85,London,2056,17.317066192627
85,London,2057,17.8966960906982
85,London,2058,17.9034652709961
85,London,2059,18.6006660461426
85,London,2060,18.6905860900879
85,London,2061,19.3158740997314
85,London,2062,19.844690322876
85,London,2063,20.7864627838135
85,London,2064,21.1154899597168
85,London,2065,21.5036659240723
85,London,2066,21.6934795379639
85,London,2067,22.335319519043
85,London,2068,23.2980346679688
85,London,2069,23.6632137298584
85,London,2070,23.619800567627
85,London,2071,23.6377830505371
85,London,2072,24.1425189971924
85,London,2073,24.3320484161377
85,London,2074,24.7532024383545
85,London,2075,25.7385292053223
85,London,2076,25.8063011169434
85,London,2077,26.2106456756592
85,London,2078,27.0165920257568
85,London,2079,27.6825103759766
85,London,2080,28.4723930358887
85,London,2081,28.9639930725098
85,London,2082,28.9263153076172
85,London,2083,29.7658824920654
85,London,2084,30.6074810028076
85,London,2085,31.3472213745117
85,Milan,1986,3.37965607643127
85,Milan,1987,3.49795508384705
85,Milan,1988,3.61394929885864
85,Milan,1989,3.44838118553162
85,Milan,1990,3.4022319316864
85,Milan,1991,3.59660077095032
85,Milan,1992,3.74602627754211
85,Milan,1993,3.89178085327148
85,Milan,1994,4.29171180725098
85,Milan,1995,4.56261444091797
85,Milan,1996,4.70283603668213
85,Milan,1997,4.82243204116821
85,Milan,1998,5.06653261184692
85,Milan,1999,5.21120738983154
85,Milan,2000,5.58608770370483
85,Milan,2001,6.12525129318237
85,Milan,2002,6.22911214828491
85,Milan,2003,6.45210409164429
85,Milan,2004,6.64770078659058
85,Milan,2005,6.97687673568726
85,Milan,2006,7.22841119766235
85,Milan,2007,7.29815530776978
85,Milan,2008,7.7099232673645
85,Milan,2009,7.95422267913818
85,Milan,2010,8.19333553314209
85,Milan,2011,8.81856346130371
85,Milan,2012,9.08203220367432
85,Milan,2013,9.75571632385254
85,Milan,2014,10.1098232269287
85,Milan,2015,10.33274269104
85,Milan,2016,10.4021215438843
85,Milan,2017,10.6455583572388
85,Milan,2018,11.2166795730591
85,Milan,2019,11.7381753921509
85,Milan,2020,12.0887784957886
85,Milan,2021,12.4410638809204
85,Milan,2022,12.8322353363037
85,Milan,2023,13.1318883895874
85,Milan,2024,12.9288892745972
85,Milan,2025,13.2036123275757
85,Milan,2026,13.658839225769
85,Milan,2027,14.1415786743164
85,Milan,2028,14.8936176300049
85,Milan,2029,15.5213193893433
85,Milan,2030,16.2182922363281
85,Milan,2031,16.7331485748291
85,Milan,2032,17.3166980743408
85,Milan,2033,17.4593448638916
85,Milan,2034,17.9968738555908
85,Milan,2035,18.5187358856201
85,Milan,2036,19.3890266418457
85,Milan,2037,20.5890083312988
85,Milan,2038,21.1739730834961
85,Milan,2039,21.9556045532227
85,Milan,2040,22.8251323699951
85,Milan,2041,23.6210060119629
85,Milan,2042,24.8222160339355
85,Milan,2043,25.4492454528809
85,Milan,2044,26.1084213256836
85,Milan,2045,27.0403118133545
85,Milan,2046,28.3444194793701
85,Milan,2047,29.2756061553955
85,Milan,2048,29.7389068603516
85,Milan,2049,30.6184215545654
85,Milan,2050,31.4241142272949
85,Milan,2051,32.5599021911621
85,Milan,2052,33.4428405761719
85,Milan,2053,34.1981773376465
85,Milan,2054,35.816951751709
85,Milan,2055,37.1322822570801
85,Milan,2056,38.2043838500977
85,Milan,2057,39.1746215820312
85,Milan,2058,39.7654190063477
85,Milan,2059,40.538745880127
85,Milan,2060,41.1852416992188
85,Milan,2061,42.0087661743164
85,Milan,2062,43.1539497375488
85,Milan,2063,44.7233085632324
85,Milan,2064,45.7566299438477
85,Milan,2065,46.9017219543457
85,Milan,2066,47.4171714782715
85,Milan,2067,48.0024566650391
85,Milan,2068,49.1373634338379
85,Milan,2069,50.0859870910645
85,Milan,2070,50.581901550293
85,Milan,2071,51.0233383178711
85,Milan,2072,51.668529510498
85,Milan,2073,52.5126991271973
85,Milan,2074,53.3537139892578
85,Milan,2075,54.4947547912598
85,Milan,2076,55.3047714233398
85,Milan,2077,56.3972206115723
85,Milan,2078,57.3376579284668
85,Milan,2079,58.5916862487793
85,Milan,2080,59.7855987548828
85,Milan,2081,60.3427047729492
85,Milan,2082,61.2989120483398
85,Milan,2083,62.3508605957031
85,Milan,2084,62.8578681945801
85,Milan,2085,63.4262886047363
85,Munich,1986,2.54558110237122
85,Munich,1987,2.58740901947021
85,Munich,1988,2.66594886779785
85,Munich,1989,2.6106960773468
85,Munich,1990,2.68762731552124
85,Munich,1991,2.90121340751648
85,Munich,1992,3.00040912628174
85,Munich,1993,3.06037378311157
85,Munich,1994,3.36466073989868
85,Munich,1995,3.42792439460754
85,Munich,1996,3.57280850410461
85,Munich,1997,3.67532587051392
85,Munich,1998,3.71356678009033
85,Munich,1999,3.70968198776245
85,Munich,2000,3.91002678871155
85,Munich,2001,4.23301410675049
85,Munich,2002,4.32604885101318
85,Munich,2003,4.47719812393188
85,Munich,2004,4.59410572052002
85,Munich,2005,4.82834720611572
85,Munich,2006,4.87619781494141
85,Munich,2007,5.03006029129028
85,Munich,2008,5.25238180160522
85,Munich,2009,5.1874852180481
85,Munich,2010,5.23692178726196
85,Munich,2011,5.65077304840088
85,Munich,2012,5.87253141403198
85,Munich,2013,6.24251937866211
85,Munich,2014,6.38322067260742
85,Munich,2015,6.56899118423462
85,Munich,2016,6.61979579925537
85,Munich,2017,6.74964618682861
85,Munich,2018,7.07694482803345
85,Munich,2019,7.45518493652344
85,Munich,2020,7.58829975128174
85,Munich,2021,7.70075941085815
85,Munich,2022,7.86549472808838
85,Munich,2023,7.86935710906982
85,Munich,2024,7.6973352432251
85,Munich,2025,7.89727830886841
85,Munich,2026,7.95879602432251
85,Munich,2027,7.98693370819092
85,Munich,2028,8.44895648956299
85,Munich,2029,8.76361179351807
85,Munich,2030,9.11200332641602
85,Munich,2031,9.08652114868164
85,Munich,2032,9.30302715301514
85,Munich,2033,9.21037197113037
85,Munich,2034,9.28084373474121
85,Munich,2035,9.31441783905029
85,Munich,2036,9.71600437164307
85,Munich,2037,10.1648998260498
85,Munich,2038,10.3233947753906
85,Munich,2039,10.6487398147583
85,Munich,2040,11.0655326843262
85,Munich,2041,11.6155309677124
85,Munich,2042,12.0783357620239
85,Munich,2043,12.4733467102051
85,Munich,2044,12.7360467910767
85,Munich,2045,13.0020685195923
85,Munich,2046,13.4324817657471
85,Munich,2047,13.6904926300049
85,Munich,2048,13.7475728988647
85,Munich,2049,14.0178833007812
85,Munich,2050,14.2813653945923
85,Munich,2051,14.4687452316284
85,Munich,2052,14.755802154541
85,Munich,2053,15.0747451782227
85,Munich,2054,15.9086647033691
85,Munich,2055,16.345157623291
85,Munich,2056,16.9567317962646
85,Munich,2057,17.6653289794922
85,Munich,2058,17.6506729125977
85,Munich,2059,17.933521270752
85,Munich,2060,18.163911819458
85,Munich,2061,18.7374401092529
85,Munich,2062,19.3178539276123
85,Munich,2063,20.3313579559326
85,Munich,2064,20.7163009643555
85,Munich,2065,21.4506225585938
85,Munich,2066,21.7991733551025
85,Munich,2067,21.9274711608887
85,Munich,2068,22.3026561737061
85,Munich,2069,22.9547710418701
85,Munich,2070,23.2227573394775
85,Munich,2071,23.2626323699951
85,Munich,2072,23.399528503418
85,Munich,2073,23.4192295074463
85,Munich,2074,23.5780467987061
85,Munich,2075,24.4217491149902
85,Munich,2076,24.9985885620117
85,Munich,2077,25.669059753418
85,Munich,2078,25.9895553588867
85,Munich,2079,26.5475654602051
85,Munich,2080,27.1183605194092
85,Munich,2081,27.5972442626953
85,Munich,2082,28.1893138885498
85,Munich,2083,28.487060546875
85,Munich,2084,28.6383457183838
85,Munich,2085,28.912036895752
85,Paris,1986,3.97622585296631
85,Paris,1987,4.09684181213379
85,Paris,1988,4.29570150375366
85,Paris,1989,4.24684190750122
85,Paris,1990,4.38060998916626
85,Paris,1991,4.50991630554199
85,Paris,1992,4.62342500686646
85,Paris,1993,4.85027170181274
85,Paris,1994,5.03228569030762
85,Paris,1995,5.21641063690186
85,Paris,1996,5.39141082763672
85,Paris,1997,5.46658134460449
85,Paris,1998,5.42693185806274
85,Paris,1999,5.48745346069336
85,Paris,2000,5.79140281677246
85,Paris,2001,6.10096979141235
85,Paris,2002,6.22947692871094
85,Paris,2003,6.08123064041138
85,Paris,2004,6.11210441589355
85,Paris,2005,6.29754829406738
85,Paris,2006,6.32964754104614
85,Paris,2007,6.35193204879761
85,Paris,2008,6.51149129867554
85,Paris,2009,6.34999990463257
85,Paris,2010,6.44719886779785
85,Paris,2011,6.76263952255249
85,Paris,2012,6.76194143295288
85,Paris,2013,7.10562515258789
85,Paris,2014,7.15211820602417
85,Paris,2015,7.06825733184814
85,Paris,2016,7.16132831573486
85,Paris,2017,6.98439645767212
85,Paris,2018,7.26729536056519
85,Paris,2019,7.58352756500244
85,Paris,2020,7.54458427429199
85,Paris,2021,7.41527795791626
85,Paris,2022,7.57544994354248
85,Paris,2023,7.48220062255859
85,Paris,2024,7.31009483337402
85,Paris,2025,7.32939147949219
85,Paris,2026,7.23711204528809
85,Paris,2027,7.35342931747437
85,Paris,2028,7.75422096252441
85,Paris,2029,7.83659219741821
85,Paris,2030,7.89431238174438
85,Paris,2031,7.91668224334717
85,Paris,2032,8.01001739501953
85,Paris,2033,8.02299785614014
85,Paris,2034,8.15212631225586
85,Paris,2035,8.21949100494385
85,Paris,2036,8.74116230010986
85,Paris,2037,9.05247497558594
85,Paris,2038,9.14625263214111
85,Paris,2039,9.6492395401001
85,Paris,2040,9.94441318511963
85,Paris,2041,10.360110282898
85,Paris,2042,11.0962524414062
85,Paris,2043,11.5813388824463
85,Paris,2044,12.0142383575439
85,Paris,2045,12.2386255264282
85,Paris,2046,12.663275718689
85,Paris,2047,13.2628412246704
85,Paris,2048,13.1602115631104
85,Paris,2049,13.6561765670776
85,Paris,2050,14.1176681518555
85,Paris,2051,14.5487279891968
85,Paris,2052,15.0151386260986
85,Paris,2053,15.276629447937
85,Paris,2054,15.865758895874
85,Paris,2055,16.1890907287598
85,Paris,2056,16.7381210327148
85,Paris,2057,17.329174041748
85,Paris,2058,17.290922164917
85,Paris,2059,17.994701385498
85,Paris,2060,18.2007522583008
85,Paris,2061,18.627592086792
85,Paris,2062,19.4006671905518
85,Paris,2063,20.5773429870605
85,Paris,2064,20.7668151855469
85,Paris,2065,21.322696685791
85,Paris,2066,21.6912021636963
85,Paris,2067,22.0744495391846
85,Paris,2068,23.1426067352295
85,Paris,2069,23.5702362060547
85,Paris,2070,23.8179550170898
85,Paris,2071,23.9444522857666
85,Paris,2072,24.287260055542
85,Paris,2073,24.4158592224121
85,Paris,2074,24.7827835083008
85,Paris,2075,25.774450302124
85,Paris,2076,26.1792755126953
85,Paris,2077,26.7851486206055
85,Paris,2078,27.4706707000732
85,Paris,2079,28.1350555419922
85,Paris,2080,28.7665500640869
85,Paris,2081,29.110933303833
85,Paris,2082,29.1615467071533
85,Paris,2083,29.9811916351318
85,Paris,2084,30.5584659576416
85,Paris,2085,31.2847843170166
85,Rome,1986,2.76575112342834
85,Rome,1987,2.97572994232178
85,Rome,1988,3.0960202217102
85,Rome,1989,3.02362704277039
85,Rome,1990,3.02627730369568
85,Rome,1991,3.12250018119812
85,Rome,1992,3.31677103042603
85,Rome,1993,3.38829517364502
85,Rome,1994,3.79833459854126
85,Rome,1995,3.99050521850586
85,Rome,1996,4.03661823272705
85,Rome,1997,4.11894655227661
85,Rome,1998,4.27776908874512
85,Rome,1999,4.37104940414429
85,Rome,2000,4.66813850402832
85,Rome,2001,5.05208015441895
85,Rome,2002,5.22593879699707
85,Rome,2003,5.40523433685303
85,Rome,2004,5.64223766326904
85,Rome,2005,5.91411542892456
85,Rome,2006,6.05014514923096
85,Rome,2007,6.30701875686646
85,Rome,2008,6.51492643356323
85,Rome,2009,6.67133951187134
85,Rome,2010,6.77583169937134
85,Rome,2011,7.17152214050293
85,Rome,2012,7.29740524291992
85,Rome,2013,7.87865018844604
85,Rome,2014,8.2562837600708
85,Rome,2015,8.5834789276123
85,Rome,2016,8.73659038543701
85,Rome,2017,8.98463821411133
85,Rome,2018,9.63619327545166
85,Rome,2019,10.0404281616211
85,Rome,2020,10.4539260864258
85,Rome,2021,10.9894371032715
85,Rome,2022,11.2445411682129
85,Rome,2023,11.5492830276489
85,Rome,2024,11.4737358093262
85,Rome,2025,11.8409643173218
85,Rome,2026,12.3682985305786
85,Rome,2027,12.9212102890015
85,Rome,2028,13.6599044799805
85,Rome,2029,14.1691999435425
85,Rome,2030,14.8704977035522
85,Rome,2031,15.2099714279175
85,Rome,2032,15.8046388626099
85,Rome,2033,15.9465494155884
85,Rome,2034,16.3196926116943
85,Rome,2035,16.80153465271
85,Rome,2036,17.8072166442871
85,Rome,2037,18.7698287963867
85,Rome,2038,19.4444179534912
85,Rome,2039,20.3617744445801
85,Rome,2040,21.1148509979248
85,Rome,2041,22.139575958252
85,Rome,2042,23.3326148986816
85,Rome,2043,24.1363334655762
85,Rome,2044,24.4815082550049
85,Rome,2045,25.2264366149902
85,Rome,2046,26.1698589324951
85,Rome,2047,26.8249397277832
85,Rome,2048,27.0700073242188
85,Rome,2049,27.9138698577881
85,Rome,2050,28.5345134735107
85,Rome,2051,29.383918762207
85,Rome,2052,30.1694793701172
85,Rome,2053,30.8163585662842
85,Rome,2054,32.2243576049805
85,Rome,2055,33.2414360046387
85,Rome,2056,34.2409629821777
85,Rome,2057,35.1249389648438
85,Rome,2058,35.5643463134766
85,Rome,2059,36.2159194946289
85,Rome,2060,36.7793998718262
85,Rome,2061,37.7397003173828
85,Rome,2062,38.707389831543
85,Rome,2063,40.2649765014648
85,Rome,2064,41.30859375
85,Rome,2065,42.3099060058594
85,Rome,2066,42.8818016052246
85,Rome,2067,43.478832244873
85,Rome,2068,44.3721008300781
85,Rome,2069,45.0840873718262
85,Rome,2070,45.7142105102539
85,Rome,2071,46.1867446899414
85,Rome,2072,46.7973022460938
85,Rome,2073,47.2312469482422
85,Rome,2074,48.1837615966797
85,Rome,2075,49.136531829834
85,Rome,2076,50.0601272583008
85,Rome,2077,51.0809020996094
85,Rome,2078,52.0802917480469
85,Rome,2079,53.1285095214844
85,Rome,2080,54.1543655395508
85,Rome,2081,54.6560401916504
85,Rome,2082,55.5967636108398
85,Rome,2083,56.6414451599121
85,Rome,2084,57.0277481079102
85,Rome,2085,57.7122383117676
85,Valencia,1986,2.73638916015625
85,Valencia,1987,2.86496233940125
85,Valencia,1988,2.92313718795776
85,Valencia,1989,2.60799050331116
85,Valencia,1990,2.69589948654175
85,Valencia,1991,2.72096109390259
85,Valencia,1992,2.94441533088684
85,Valencia,1993,3.13960361480713
85,Valencia,1994,3.1281270980835
85,Valencia,1995,3.15719175338745
85,Valencia,1996,3.1258602142334
85,Valencia,1997,3.26152801513672
85,Valencia,1998,3.41543436050415
85,Valencia,1999,3.49592185020447
85,Valencia,2000,3.69889688491821
85,Valencia,2001,4.03138589859009
85,Valencia,2002,4.11629724502563
85,Valencia,2003,4.26477718353271
85,Valencia,2004,4.42980146408081
85,Valencia,2005,4.74755430221558
85,Valencia,2006,5.01100635528564
85,Valencia,2007,5.48934364318848
85,Valencia,2008,5.82742738723755
85,Valencia,2009,5.93344211578369
85,Valencia,2010,6.24972057342529
85,Valencia,2011,6.44845294952393
85,Valencia,2012,6.57781839370728
85,Valencia,2013,7.04821681976318
85,Valencia,2014,7.43882942199707
85,Valencia,2015,7.54812002182007
85,Valencia,2016,7.56449556350708
85,Valencia,2017,7.7413740158081
85,Valencia,2018,8.15858364105225
85,Valencia,2019,8.39091491699219
85,Valencia,2020,8.68231582641602
85,Valencia,2021,9.19799041748047
85,Valencia,2022,9.54894733428955
85,Valencia,2023,9.93150806427002
85,Valencia,2024,10.4246940612793
85,Valencia,2025,10.718864440918
85,Valencia,2026,11.1564722061157
85,Valencia,2027,11.5873289108276
85,Valencia,2028,12.0556802749634
85,Valencia,2029,12.435061454773
85,Valencia,2030,13.0547132492065
85,Valencia,2031,13.3935432434082
85,Valencia,2032,13.8844728469849
85,Valencia,2033,14.0136547088623
85,Valencia,2034,14.4274854660034
85,Valencia,2035,14.8240251541138
85,Valencia,2036,15.5148544311523
85,Valencia,2037,16.2697143554688
85,Valencia,2038,16.6997623443604
85,Valencia,2039,17.4290466308594
85,Valencia,2040,18.0797939300537
85,Valencia,2041,18.7808227539062
85,Valencia,2042,19.7857208251953
85,Valencia,2043,20.3717384338379
85,Valencia,2044,20.587366104126
85,Valencia,2045,21.3968410491943
85,Valencia,2046,22.2638607025146
85,Valencia,2047,23.0341529846191
85,Valencia,2048,23.7287158966064
85,Valencia,2049,24.6852588653564
85,Valencia,2050,25.3823356628418
85,Valencia,2051,26.2566146850586
85,Valencia,2052,26.9618988037109
85,Valencia,2053,27.5133476257324
85,Valencia,2054,28.0842323303223
85,Valencia,2055,29.3422908782959
85,Valencia,2056,30.2555751800537
85,Valencia,2057,30.7747249603271
85,Valencia,2058,31.3265171051025
85,Valencia,2059,32.3516159057617
85,Valencia,2060,32.8927993774414
85,Valencia,2061,33.708251953125
85,Valencia,2062,34.4818458557129
85,Valencia,2063,36.1223793029785
85,Valencia,2064,36.9210166931152
85,Valencia,2065,37.4597053527832
85,Valencia,2066,38.0914001464844
85,Valencia,2067,38.4457397460938
85,Valencia,2068,39.5147399902344
85,Valencia,2069,40.0330390930176
85,Valencia,2070,40.801139831543
85,Valencia,2071,41.5243301391602
85,Valencia,2072,42.278564453125
85,Valencia,2073,43.0680389404297
85,Valencia,2074,44.2902488708496
85,Valencia,2075,45.3633499145508
85,Valencia,2076,45.9774436950684
85,Valencia,2077,46.8730812072754
85,Valencia,2078,47.8359909057617
85,Valencia,2079,48.889820098877
85,Valencia,2080,49.7102317810059
85,Valencia,2081,50.002513885498
85,Valencia,2082,50.7988624572754
85,Valencia,2083,51.9950981140137
85,Valencia,2084,53.1039848327637
85,Valencia,2085,53.5917091369629
85,Madrid,1986,3.60244941711426
85,Madrid,1987,3.75350689888
85,Madrid,1988,3.9431676864624
85,Madrid,1989,3.70323848724365
85,Madrid,1990,3.81729507446289
85,Madrid,1991,4.07619905471802
85,Madrid,1992,4.28317260742188
85,Madrid,1993,4.5954418182373
85,Madrid,1994,4.6935453414917
85,Madrid,1995,5.02820491790771
85,Madrid,1996,5.13941669464111
85,Madrid,1997,5.3654408454895
85,Madrid,1998,5.53017711639404
85,Madrid,1999,5.65161895751953
85,Madrid,2000,5.98078966140747
85,Madrid,2001,6.40529489517212
85,Madrid,2002,6.56325054168701
85,Madrid,2003,6.8210129737854
85,Madrid,2004,7.05847549438477
85,Madrid,2005,7.32969808578491
85,Madrid,2006,7.555344581604
85,Madrid,2007,7.84193420410156
85,Madrid,2008,8.15818881988525
85,Madrid,2009,8.45808029174805
85,Madrid,2010,8.96902370452881
85,Madrid,2011,9.11909866333008
85,Madrid,2012,9.38587474822998
85,Madrid,2013,9.98239994049072
85,Madrid,2014,10.2121753692627
85,Madrid,2015,10.0844392776489
85,Madrid,2016,10.2206516265869
85,Madrid,2017,10.5727405548096
85,Madrid,2018,10.7314519882202
85,Madrid,2019,11.2682676315308
85,Madrid,2020,11.6993265151978
85,Madrid,2021,12.0233449935913
85,Madrid,2022,12.5627708435059
85,Madrid,2023,12.7865209579468
85,Madrid,2024,13.0033464431763
85,Madrid,2025,13.3630056381226
85,Madrid,2026,14.0280437469482
85,Madrid,2027,14.5085067749023
85,Madrid,2028,14.9428558349609
85,Madrid,2029,15.6552839279175
85,Madrid,2030,16.2199440002441
85,Madrid,2031,16.4705486297607
85,Madrid,2032,17.0921840667725
85,Madrid,2033,17.3576831817627
85,Madrid,2034,17.8379459381104
85,Madrid,2035,17.995792388916
85,Madrid,2036,18.6137084960938
85,Madrid,2037,19.37353515625
85,Madrid,2038,20.1045608520508
85,Madrid,2039,20.6759262084961
85,Madrid,2040,21.3985080718994
85,Madrid,2041,22.2028636932373
85,Madrid,2042,22.8714275360107
85,Madrid,2043,23.5879001617432
85,Madrid,2044,24.3819580078125
85,Madrid,2045,25.4008235931396
85,Madrid,2046,26.2569923400879
85,Madrid,2047,27.0859622955322
85,Madrid,2048,27.6571350097656
85,Madrid,2049,28.3228549957275
85,Madrid,2050,28.7751960754395
85,Madrid,2051,29.9125823974609
85,Madrid,2052,30.75514793396
85,Madrid,2053,31.4828414916992
85,Madrid,2054,32.4396896362305
85,Madrid,2055,33.5106353759766
85,Madrid,2056,34.3446502685547
85,Madrid,2057,35.2994842529297
85,Madrid,2058,36.1409225463867
85,Madrid,2059,36.9623146057129
85,Madrid,2060,37.7312889099121
85,Madrid,2061,39.0121231079102
85,Madrid,2062,39.9155960083008
85,Madrid,2063,41.4378623962402
85,Madrid,2064,42.4364280700684
85,Madrid,2065,43.8902778625488
85,Madrid,2066,44.8339538574219
85,Madrid,2067,45.5863189697266
85,Madrid,2068,46.6896095275879
85,Madrid,2069,47.6110000610352
85,Madrid,2070,48.3570175170898
85,Madrid,2071,49.201904296875
85,Madrid,2072,50.219554901123
85,Madrid,2073,50.8853073120117
85,Madrid,2074,51.819393157959
85,Madrid,2075,52.8578796386719
85,Madrid,2076,53.4880676269531
85,Madrid,2077,54.4762840270996
85,Madrid,2078,55.7582931518555
85,Madrid,2079,56.9672737121582
85,Madrid,2080,58.102954864502
85,Madrid,2081,58.6090049743652
85,Madrid,2082,59.109317779541
85,Madrid,2083,60.1665077209473
85,Madrid,2084,61.0727195739746
85,Madrid,2085,61.6106033325195
85,Berlin,1986,3.59421682357788
85,Berlin,1987,3.70673489570618
85,Berlin,1988,3.7392373085022
85,Berlin,1989,3.78756475448608
85,Berlin,1990,3.87002873420715
85,Berlin,1991,4.093337059021
85,Berlin,1992,4.16666460037231
85,Berlin,1993,4.27501678466797
85,Berlin,1994,4.53414297103882
85,Berlin,1995,4.6124587059021
85,Berlin,1996,4.74746465682983
85,Berlin,1997,4.87412643432617
85,Berlin,1998,4.72997522354126
85,Berlin,1999,4.75244188308716
85,Berlin,2000,5.20659923553467
85,Berlin,2001,5.32245397567749
85,Berlin,2002,5.51328945159912
85,Berlin,2003,5.45992517471313
85,Berlin,2004,5.27665138244629
85,Berlin,2005,5.41912126541138
85,Berlin,2006,5.46076917648315
85,Berlin,2007,5.50659275054932
85,Berlin,2008,5.53994512557983
85,Berlin,2009,5.55078220367432
85,Berlin,2010,5.66744041442871
85,Berlin,2011,6.07653665542603
85,Berlin,2012,6.18321657180786
85,Berlin,2013,6.4499020576477
85,Berlin,2014,6.50738573074341
85,Berlin,2015,6.5607008934021
85,Berlin,2016,6.71487712860107
85,Berlin,2017,6.6723222732544
85,Berlin,2018,6.96400785446167
85,Berlin,2019,7.13485097885132
85,Berlin,2020,7.29150295257568
85,Berlin,2021,7.20152807235718
85,Berlin,2022,7.26487922668457
85,Berlin,2023,7.20487356185913
85,Berlin,2024,6.98156499862671
85,Berlin,2025,7.17662572860718
85,Berlin,2026,7.10078430175781
85,Berlin,2027,7.12493419647217
85,Berlin,2028,7.55153894424438
85,Berlin,2029,7.6432056427002
85,Berlin,2030,7.56152582168579
85,Berlin,2031,7.59066390991211
85,Berlin,2032,7.64983892440796
85,Berlin,2033,7.71984004974365
85,Berlin,2034,7.79233646392822
85,Berlin,2035,7.8948974609375
85,Berlin,2036,8.21988677978516
85,Berlin,2037,8.43986892700195
85,Berlin,2038,8.49404525756836
85,Berlin,2039,8.79737949371338
85,Berlin,2040,9.09813213348389
85,Berlin,2041,9.58318710327148
85,Berlin,2042,9.84065914154053
85,Berlin,2043,10.1764583587646
85,Berlin,2044,10.3414602279663
85,Berlin,2045,10.3673210144043
85,Berlin,2046,10.7455987930298
85,Berlin,2047,10.9214296340942
85,Berlin,2048,10.8880767822266
85,Berlin,2049,11.1080589294434
85,Berlin,2050,11.3005657196045
85,Berlin,2051,11.2872142791748
85,Berlin,2052,11.673023223877
85,Berlin,2053,11.9146900177002
85,Berlin,2054,12.3697166442871
85,Berlin,2055,12.4355030059814
85,Berlin,2056,13.0196676254272
85,Berlin,2057,13.4355602264404
85,Berlin,2058,13.4347677230835
85,Berlin,2059,13.7472286224365
85,Berlin,2060,13.8013944625854
85,Berlin,2061,14.130521774292
85,Berlin,2062,14.3646945953369
85,Berlin,2063,15.1155462265015
85,Berlin,2064,15.3188724517822
85,Berlin,2065,15.6362829208374
85,Berlin,2066,15.786283493042
85,Berlin,2067,16.0688648223877
85,Berlin,2068,16.5129661560059
85,Berlin,2069,16.7846622467041
85,Berlin,2070,16.9822368621826
85,Berlin,2071,16.5880565643311
85,Berlin,2072,16.8464183807373
85,Berlin,2073,16.9065113067627
85,Berlin,2074,17.0256443023682
85,Berlin,2075,17.8222789764404
85,Berlin,2076,17.9814338684082
85,Berlin,2077,18.3014640808105
85,Berlin,2078,18.7814807891846
85,Berlin,2079,19.4265308380127
85,Berlin,2080,19.8881702423096
85,Berlin,2081,20.382381439209
85,Berlin,2082,20.5898914337158
85,Berlin,2083,20.7298851013184
85,Berlin,2084,20.855640411377
85,Berlin,2085,20.9606781005859
45,Athens,1986,4.72846698760986
45,Athens,1987,5.02763414382935
45,Athens,1988,5.23133134841919
45,Athens,1989,5.04108905792236
45,Athens,1990,5.18243741989136
45,Athens,1991,5.26165008544922
45,Athens,1992,5.36868000030518
45,Athens,1993,5.42448234558105
45,Athens,1994,5.68055820465088
45,Athens,1995,5.7141489982605
45,Athens,1996,5.79251289367676
45,Athens,1997,5.95522451400757
45,Athens,1998,6.01828575134277
45,Athens,1999,5.96072483062744
45,Athens,2000,6.12295246124268
45,Athens,2001,6.39640712738037
45,Athens,2002,6.63439226150513
45,Athens,2003,6.98414993286133
45,Athens,2004,7.27413463592529
45,Athens,2005,7.34719514846802
45,Athens,2006,7.39424133300781
45,Athens,2007,7.66789293289185
45,Athens,2008,7.78507471084595
45,Athens,2009,7.99113512039185
45,Athens,2010,8.0874080657959
45,Athens,2011,8.65199851989746
45,Athens,2012,8.59871101379395
45,Athens,2013,8.77663612365723
45,Athens,2014,9.03786277770996
45,Athens,2015,9.211256980896
45,Athens,2016,9.41306018829346
45,Athens,2017,9.60407447814941
45,Athens,2018,9.59566497802734
45,Athens,2019,9.94381713867188
45,Athens,2020,10.144907951355
45,Athens,2021,10.4176816940308
45,Athens,2022,10.860728263855
45,Athens,2023,11.1997747421265
45,Athens,2024,11.3467445373535
45,Athens,2025,11.5867443084717
45,Athens,2026,12.1113815307617
45,Athens,2027,12.3609580993652
45,Athens,2028,12.7401552200317
45,Athens,2029,13.0966854095459
45,Athens,2030,13.0950345993042
45,Athens,2031,13.4825201034546
45,Athens,2032,13.7978382110596
45,Athens,2033,14.1502323150635
45,Athens,2034,14.28391456604
45,Athens,2035,14.6513252258301
45,Athens,2036,15.476674079895
45,Athens,2037,15.5553712844849
45,Athens,2038,16.2169780731201
45,Athens,2039,16.5428276062012
45,Athens,2040,17.1691913604736
45,Athens,2041,17.2495555877686
45,Athens,2042,17.9748287200928
45,Athens,2043,18.104736328125
45,Athens,2044,18.3562088012695
45,Athens,2045,18.5339660644531
45,Athens,2046,18.9780578613281
45,Athens,2047,19.0563011169434
45,Athens,2048,19.4637260437012
45,Athens,2049,20.1451511383057
45,Athens,2050,20.477029800415
45,Athens,2051,20.5961513519287
45,Athens,2052,20.8994693756104
45,Athens,2053,21.3365154266357
45,Athens,2054,21.2462882995605
45,Athens,2055,21.4231224060059
45,Athens,2056,21.2955322265625
45,Athens,2057,21.7064266204834
45,Athens,2058,21.917459487915
45,Athens,2059,22.136079788208
45,Athens,2060,22.7338981628418
45,Athens,2061,22.7553539276123
45,Athens,2062,22.876974105835
45,Athens,2063,23.1089916229248
45,Athens,2064,23.3469314575195
45,Athens,2065,23.7440814971924
45,Athens,2066,23.7951278686523
45,Athens,2067,24.5076580047607
45,Athens,2068,24.5157642364502
45,Athens,2069,24.7445373535156
45,Athens,2070,24.5551433563232
45,Athens,2071,24.352689743042
45,Athens,2072,24.3772506713867
45,Athens,2073,24.795295715332
45,Athens,2074,25.0342960357666
45,Athens,2075,25.6010227203369
45,Athens,2076,25.6762790679932
45,Athens,2077,25.7627658843994
45,Athens,2078,25.6271018981934
45,Athens,2079,25.3412227630615
45,Athens,2080,25.3474788665771
45,Athens,2081,25.7372989654541
45,Athens,2082,25.8311767578125
45,Athens,2083,25.9817523956299
45,Athens,2084,26.7957382202148
45,Athens,2085,26.9812526702881
45,Barcelona,1986,3.00462651252747
45,Barcelona,1987,3.11053705215454
45,Barcelona,1988,3.2334578037262
45,Barcelona,1989,2.9748809337616
45,Barcelona,1990,3.01118779182434
45,Barcelona,1991,3.0055844783783
45,Barcelona,1992,3.22242856025696
45,Barcelona,1993,3.53047776222229
45,Barcelona,1994,3.55041933059692
45,Barcelona,1995,3.83848452568054
45,Barcelona,1996,3.84447240829468
45,Barcelona,1997,4.00401926040649
45,Barcelona,1998,4.29787683486938
45,Barcelona,1999,4.55722856521606
45,Barcelona,2000,4.67302370071411
45,Barcelona,2001,5.17540454864502
45,Barcelona,2002,5.49834251403809
45,Barcelona,2003,5.55206775665283
45,Barcelona,2004,5.93470144271851
45,Barcelona,2005,6.2060284614563
45,Barcelona,2006,6.2848596572876
45,Barcelona,2007,6.49185419082642
45,Barcelona,2008,6.80101585388184
45,Barcelona,2009,6.90898752212524
45,Barcelona,2010,6.97975826263428
45,Barcelona,2011,7.06130218505859
45,Barcelona,2012,7.50842332839966
45,Barcelona,2013,7.77975034713745
45,Barcelona,2014,8.01186847686768
45,Barcelona,2015,8.22024917602539
45,Barcelona,2016,8.15895938873291
45,Barcelona,2017,8.34614181518555
45,Barcelona,2018,8.18520832061768
45,Barcelona,2019,8.55670070648193
45,Barcelona,2020,8.78736209869385
45,Barcelona,2021,8.9037914276123
45,Barcelona,2022,8.94785022735596
45,Barcelona,2023,8.82372570037842
45,Barcelona,2024,8.87140941619873
45,Barcelona,2025,9.41257667541504
45,Barcelona,2026,9.5487699508667
45,Barcelona,2027,10.184175491333
45,Barcelona,2028,10.6405477523804
45,Barcelona,2029,11.0208301544189
45,Barcelona,2030,11.4642152786255
45,Barcelona,2031,11.1985607147217
45,Barcelona,2032,11.0014743804932
45,Barcelona,2033,12.0073137283325
45,Barcelona,2034,12.0798301696777
45,Barcelona,2035,11.9373874664307
45,Barcelona,2036,12.5445995330811
45,Barcelona,2037,13.0061655044556
45,Barcelona,2038,13.0924644470215
45,Barcelona,2039,13.3294982910156
45,Barcelona,2040,13.7599754333496
45,Barcelona,2041,14.4212865829468
45,Barcelona,2042,14.2883605957031
45,Barcelona,2043,14.5037412643433
45,Barcelona,2044,14.890438079834
45,Barcelona,2045,15.2313280105591
45,Barcelona,2046,15.5895528793335
45,Barcelona,2047,15.6237497329712
45,Barcelona,2048,16.1512832641602
45,Barcelona,2049,16.5910778045654
45,Barcelona,2050,17.0296268463135
45,Barcelona,2051,17.6287727355957
45,Barcelona,2052,17.7956523895264
45,Barcelona,2053,18.1304779052734
45,Barcelona,2054,18.4614124298096
45,Barcelona,2055,18.479564666748
45,Barcelona,2056,18.9691104888916
45,Barcelona,2057,18.8282299041748
45,Barcelona,2058,18.791675567627
45,Barcelona,2059,18.9570140838623
45,Barcelona,2060,19.0971927642822
45,Barcelona,2061,19.7804775238037
45,Barcelona,2062,20.5018157958984
45,Barcelona,2063,19.9601955413818
45,Barcelona,2064,19.9539470672607
45,Barcelona,2065,20.3984680175781
45,Barcelona,2066,20.3306350708008
45,Barcelona,2067,20.6628303527832
45,Barcelona,2068,20.700267791748
45,Barcelona,2069,21.4457530975342
45,Barcelona,2070,21.5155944824219
45,Barcelona,2071,21.3795547485352
45,Barcelona,2072,22.0018539428711
45,Barcelona,2073,22.4168567657471
45,Barcelona,2074,22.8408012390137
45,Barcelona,2075,22.7591075897217
45,Barcelona,2076,22.8242130279541
45,Barcelona,2077,22.8248462677002
45,Barcelona,2078,23.29030418396
45,Barcelona,2079,23.381929397583
45,Barcelona,2080,23.4274158477783
45,Barcelona,2081,23.3850727081299
45,Barcelona,2082,23.7902545928955
45,Barcelona,2083,24.1614818572998
45,Barcelona,2084,24.4063568115234
45,Barcelona,2085,24.3524723052979
45,Budapest,1986,3.6646146774292
45,Budapest,1987,3.78641104698181
45,Budapest,1988,4.03211688995361
45,Budapest,1989,3.91693735122681
45,Budapest,1990,3.98500657081604
45,Budapest,1991,4.31295490264893
45,Budapest,1992,4.54637289047241
45,Budapest,1993,4.68144702911377
45,Budapest,1994,4.69583177566528
45,Budapest,1995,4.70937919616699
45,Budapest,1996,4.83213949203491
45,Budapest,1997,5.09845018386841
45,Budapest,1998,5.29463863372803
45,Budapest,1999,5.388671875
45,Budapest,2000,5.48655891418457
45,Budapest,2001,5.65251541137695
45,Budapest,2002,5.93413209915161
45,Budapest,2003,6.00768709182739
45,Budapest,2004,6.15002202987671
45,Budapest,2005,6.42774295806885
45,Budapest,2006,6.50274276733398
45,Budapest,2007,6.38559484481812
45,Budapest,2008,6.4725284576416
45,Budapest,2009,6.57485294342041
45,Budapest,2010,6.67849540710449
45,Budapest,2011,7.01601219177246
45,Budapest,2012,7.25451755523682
45,Budapest,2013,7.65443277359009
45,Budapest,2014,7.83925342559814
45,Budapest,2015,8.19961547851562
45,Budapest,2016,8.3642110824585
45,Budapest,2017,8.53657531738281
45,Budapest,2018,8.15986061096191
45,Budapest,2019,8.42263126373291
45,Budapest,2020,8.5442419052124
45,Budapest,2021,8.20708084106445
45,Budapest,2022,8.38480186462402
45,Budapest,2023,8.43752288818359
45,Budapest,2024,8.68817329406738
45,Budapest,2025,9.11830234527588
45,Budapest,2026,9.19562721252441
45,Budapest,2027,9.51913928985596
45,Budapest,2028,9.66022300720215
45,Budapest,2029,9.81443119049072
45,Budapest,2030,9.8832950592041
45,Budapest,2031,10.0641355514526
45,Budapest,2032,10.2186145782471
45,Budapest,2033,10.7708539962769
45,Budapest,2034,11.0617685317993
45,Budapest,2035,11.1556749343872
45,Budapest,2036,11.7341480255127
45,Budapest,2037,12.1810026168823
45,Budapest,2038,12.5385417938232
45,Budapest,2039,12.8531532287598
45,Budapest,2040,13.191743850708
45,Budapest,2041,13.5238008499146
45,Budapest,2042,13.958890914917
45,Budapest,2043,13.8613004684448
45,Budapest,2044,14.0153408050537
45,Budapest,2045,14.3706817626953
45,Budapest,2046,14.8562545776367
45,Budapest,2047,15.1097288131714
45,Budapest,2048,15.6690664291382
45,Budapest,2049,16.1339740753174
45,Budapest,2050,16.4484424591064
45,Budapest,2051,16.9163017272949
45,Budapest,2052,17.2022285461426
45,Budapest,2053,17.7754039764404
45,Budapest,2054,17.9798412322998
45,Budapest,2055,17.7779560089111
45,Budapest,2056,17.9700202941895
45,Budapest,2057,17.7561187744141
45,Budapest,2058,17.8585433959961
45,Budapest,2059,17.8534126281738
45,Budapest,2060,18.3754787445068
45,Budapest,2061,18.3499984741211
45,Budapest,2062,18.3626689910889
45,Budapest,2063,18.2353858947754
45,Budapest,2064,18.0809059143066
45,Budapest,2065,18.4211101531982
45,Budapest,2066,18.5629043579102
45,Budapest,2067,18.9715747833252
45,Budapest,2068,18.6680183410645
45,Budapest,2069,18.8148555755615
45,Budapest,2070,19.1104183197021
45,Budapest,2071,18.6877861022949
45,Budapest,2072,18.9351921081543
45,Budapest,2073,19.3503265380859
45,Budapest,2074,19.3582191467285
45,Budapest,2075,19.4214286804199
45,Budapest,2076,19.0524806976318
45,Budapest,2077,18.7967414855957
45,Budapest,2078,18.733024597168
45,Budapest,2079,18.7556571960449
45,Budapest,2080,18.866247177124
45,Budapest,2081,19.2738704681396
45,Budapest,2082,19.3210639953613
45,Budapest,2083,19.2886524200439
45,Budapest,2084,19.573600769043
45,Budapest,2085,19.5869369506836
45,London,1986,3.40300273895264
45,London,1987,3.61123061180115
45,London,1988,3.82390785217285
45,London,1989,3.86985111236572
45,London,1990,4.09460210800171
45,London,1991,4.10311698913574
45,London,1992,4.21344518661499
45,London,1993,4.36554527282715
45,London,1994,4.50945568084717
45,London,1995,4.81743478775024
45,London,1996,4.94215631484985
45,London,1997,5.15853595733643
45,London,1998,5.25237894058228
45,London,1999,5.48809957504272
45,London,2000,5.58375597000122
45,London,2001,5.92332220077515
45,London,2002,6.11919832229614
45,London,2003,6.0198392868042
45,London,2004,6.20523500442505
45,London,2005,6.513108253479
45,London,2006,6.56709814071655
45,London,2007,6.5614767074585
45,London,2008,6.61557197570801
45,London,2009,6.73484516143799
45,London,2010,6.83309936523438
45,London,2011,7.01013231277466
45,London,2012,7.34737873077393
45,London,2013,7.43894004821777
45,London,2014,7.79959344863892
45,London,2015,7.96408367156982
45,London,2016,7.9556827545166
45,London,2017,7.8100266456604
45,London,2018,7.73477792739868
45,London,2019,7.90543413162231
45,London,2020,7.78275394439697
45,London,2021,7.74111652374268
45,London,2022,7.851233959198
45,London,2023,7.90098476409912
45,London,2024,8.01928329467773
45,London,2025,8.06768035888672
45,London,2026,8.02626323699951
45,London,2027,8.26412200927734
45,London,2028,8.32840156555176
45,London,2029,8.2994499206543
45,London,2030,8.38523769378662
45,London,2031,7.98299407958984
45,London,2032,7.88110446929932
45,London,2033,8.16842746734619
45,London,2034,8.32273292541504
45,London,2035,8.2563533782959
45,London,2036,8.46308422088623
45,London,2037,8.88153553009033
45,London,2038,9.07091999053955
45,London,2039,9.22715282440186
45,London,2040,9.02690410614014
45,London,2041,9.17505264282227
45,London,2042,8.99784755706787
45,London,2043,9.19980430603027
45,London,2044,9.30760192871094
45,London,2045,9.30574989318848
45,London,2046,9.66832160949707
45,London,2047,9.78918933868408
45,London,2048,10.1683893203735
45,London,2049,10.3389024734497
45,London,2050,11.0095872879028
45,London,2051,11.4346933364868
45,London,2052,11.3120422363281
45,London,2053,11.458233833313
45,London,2054,11.4962358474731
45,London,2055,11.5752935409546
45,London,2056,11.9381513595581
45,London,2057,11.8691740036011
45,London,2058,12.0632276535034
45,London,2059,12.4528999328613
45,London,2060,12.5151176452637
45,London,2061,12.9425716400146
45,London,2062,13.1277561187744
45,London,2063,13.0153951644897
45,London,2064,12.6984510421753
45,London,2065,13.0734128952026
45,London,2066,13.2561807632446
45,London,2067,13.1583480834961
45,London,2068,13.1852760314941
45,London,2069,13.5623083114624
45,London,2070,13.7520475387573
45,London,2071,13.9393997192383
45,London,2072,14.0582723617554
45,London,2073,14.3813829421997
45,London,2074,14.3193759918213
45,London,2075,14.5215520858765
45,London,2076,14.0736522674561
45,London,2077,14.021409034729
45,London,2078,14.0608024597168
45,London,2079,14.029932975769
45,London,2080,13.919680595398
45,London,2081,13.8984975814819
45,London,2082,14.3507795333862
45,London,2083,14.3609638214111
45,London,2084,14.4230756759644
45,London,2085,14.4792413711548
45,Milan,1986,3.37965607643127
45,Milan,1987,3.49795508384705
45,Milan,1988,3.61394929885864
45,Milan,1989,3.44838118553162
45,Milan,1990,3.4022319316864
45,Milan,1991,3.59660077095032
45,Milan,1992,3.74895548820496
45,Milan,1993,3.95451760292053
45,Milan,1994,4.05479574203491
45,Milan,1995,4.29999446868896
45,Milan,1996,4.36536407470703
45,Milan,1997,4.67985248565674
45,Milan,1998,4.88207817077637
45,Milan,1999,5.07207202911377
45,Milan,2000,5.25956249237061
45,Milan,2001,5.4718542098999
45,Milan,2002,5.84267807006836
45,Milan,2003,5.83169317245483
45,Milan,2004,6.22659587860107
45,Milan,2005,6.44070863723755
45,Milan,2006,6.50963258743286
45,Milan,2007,6.52637815475464
45,Milan,2008,6.9409556388855
45,Milan,2009,7.27772378921509
45,Milan,2010,7.29864549636841
45,Milan,2011,7.53232574462891
45,Milan,2012,7.88373041152954
45,Milan,2013,8.45503807067871
45,Milan,2014,8.87912845611572
45,Milan,2015,9.00748348236084
45,Milan,2016,9.11334228515625
45,Milan,2017,9.32502174377441
45,Milan,2018,9.29301357269287
45,Milan,2019,9.65200042724609
45,Milan,2020,9.98046398162842
45,Milan,2021,9.94280624389648
45,Milan,2022,10.1595516204834
45,Milan,2023,10.3723392486572
45,Milan,2024,10.7244663238525
45,Milan,2025,11.611967086792
45,Milan,2026,12.0458345413208
45,Milan,2027,12.4063739776611
45,Milan,2028,12.8760204315186
45,Milan,2029,13.200366973877
45,Milan,2030,13.5530691146851
45,Milan,2031,14.0806827545166
45,Milan,2032,14.2023782730103
45,Milan,2033,15.5785369873047
45,Milan,2034,15.9846448898315
45,Milan,2035,16.3269653320312
45,Milan,2036,17.1561412811279
45,Milan,2037,17.8388118743896
45,Milan,2038,18.2494716644287
45,Milan,2039,18.7054500579834
45,Milan,2040,19.1858444213867
45,Milan,2041,20.1037578582764
45,Milan,2042,20.816722869873
45,Milan,2043,20.7566776275635
45,Milan,2044,21.0777683258057
45,Milan,2045,21.7164039611816
45,Milan,2046,22.3339004516602
45,Milan,2047,22.996410369873
45,Milan,2048,23.7160568237305
45,Milan,2049,24.4327239990234
45,Milan,2050,24.9187889099121
45,Milan,2051,25.6266956329346
45,Milan,2052,26.1686401367188
45,Milan,2053,26.6627902984619
45,Milan,2054,27.023904800415
45,Milan,2055,26.7106628417969
45,Milan,2056,26.7019958496094
45,Milan,2057,26.9053211212158
45,Milan,2058,26.8342018127441
45,Milan,2059,27.292516708374
45,Milan,2060,27.7945747375488
45,Milan,2061,28.0391712188721
45,Milan,2062,28.465389251709
45,Milan,2063,27.9820747375488
45,Milan,2064,27.6782817840576
45,Milan,2065,28.266960144043
45,Milan,2066,28.3097763061523
45,Milan,2067,28.6704254150391
45,Milan,2068,28.417724609375
45,Milan,2069,28.6439800262451
45,Milan,2070,29.0423774719238
45,Milan,2071,28.6116065979004
45,Milan,2072,28.8264331817627
45,Milan,2073,29.4881229400635
45,Milan,2074,29.6222763061523
45,Milan,2075,29.6611423492432
45,Milan,2076,29.6894016265869
45,Milan,2077,29.2485446929932
45,Milan,2078,29.2442893981934
45,Milan,2079,29.3752784729004
45,Milan,2080,29.7778034210205
45,Milan,2081,29.9985771179199
45,Milan,2082,30.2831573486328
45,Milan,2083,30.4009914398193
45,Milan,2084,30.564380645752
45,Milan,2085,30.4381542205811
45,Munich,1986,2.54558110237122
45,Munich,1987,2.58740901947021
45,Munich,1988,2.66594886779785
45,Munich,1989,2.6106960773468
45,Munich,1990,2.68762731552124
45,Munich,1991,2.90121340751648
45,Munich,1992,3.04231667518616
45,Munich,1993,3.14410924911499
45,Munich,1994,3.19708752632141
45,Munich,1995,3.30370807647705
45,Munich,1996,3.35936307907104
45,Munich,1997,3.606121301651
45,Munich,1998,3.6657407283783
45,Munich,1999,3.8088550567627
45,Munich,2000,3.94057965278625
45,Munich,2001,3.97934937477112
45,Munich,2002,4.14682054519653
45,Munich,2003,4.0850043296814
45,Munich,2004,4.25271654129028
45,Munich,2005,4.52768182754517
45,Munich,2006,4.54134750366211
45,Munich,2007,4.52484226226807
45,Munich,2008,4.72476053237915
45,Munich,2009,4.8032431602478
45,Munich,2010,4.9005651473999
45,Munich,2011,5.1759672164917
45,Munich,2012,5.44938087463379
45,Munich,2013,5.79940366744995
45,Munich,2014,6.16544961929321
45,Munich,2015,6.41542530059814
45,Munich,2016,6.47241353988647
45,Munich,2017,6.70419502258301
45,Munich,2018,6.61035633087158
45,Munich,2019,6.92452812194824
45,Munich,2020,7.07018375396729
45,Munich,2021,6.85724115371704
45,Munich,2022,6.92060852050781
45,Munich,2023,6.94373464584351
45,Munich,2024,7.11201000213623
45,Munich,2025,7.64099740982056
45,Munich,2026,7.79085874557495
45,Munich,2027,7.95358324050903
45,Munich,2028,8.13343334197998
45,Munich,2029,8.25519371032715
45,Munich,2030,8.38391780853271
45,Munich,2031,8.55023860931396
45,Munich,2032,8.55040073394775
45,Munich,2033,9.22856044769287
45,Munich,2034,9.44993877410889
45,Munich,2035,9.40444469451904
45,Munich,2036,9.75460624694824
45,Munich,2037,9.94414520263672
45,Munich,2038,10.2090425491333
45,Munich,2039,10.31081199646
45,Munich,2040,10.3778810501099
45,Munich,2041,10.6365365982056
45,Munich,2042,10.9140882492065
45,Munich,2043,10.709997177124
45,Munich,2044,10.7049627304077
45,Munich,2045,11.0028953552246
45,Munich,2046,11.3203430175781
45,Munich,2047,11.3060331344604
45,Munich,2048,11.7090320587158
45,Munich,2049,11.9285955429077
45,Munich,2050,12.2240657806396
45,Munich,2051,12.5983629226685
45,Munich,2052,12.7482023239136
45,Munich,2053,13.123363494873
45,Munich,2054,13.2556495666504
45,Munich,2055,13.0866270065308
45,Munich,2056,13.2051448822021
45,Munich,2057,13.0648460388184
45,Munich,2058,13.0931453704834
45,Munich,2059,13.1967306137085
45,Munich,2060,13.3755922317505
45,Munich,2061,13.3703622817993
45,Munich,2062,13.5767421722412
45,Munich,2063,13.3080644607544
45,Munich,2064,13.2023067474365
45,Munich,2065,13.532398223877
45,Munich,2066,13.7339506149292
45,Munich,2067,14.0411911010742
45,Munich,2068,13.7828359603882
45,Munich,2069,13.9425592422485
45,Munich,2070,14.1641807556152
45,Munich,2071,13.9996290206909
45,Munich,2072,14.1597547531128
45,Munich,2073,14.6167430877686
45,Munich,2074,14.5828456878662
45,Munich,2075,14.5631799697876
45,Munich,2076,14.4333295822144
45,Munich,2077,14.3790426254272
45,Munich,2078,14.3618936538696
45,Munich,2079,14.3271684646606
45,Munich,2080,14.3751573562622
45,Munich,2081,14.5359859466553
45,Munich,2082,14.7678709030151
45,Munich,2083,14.7806529998779
45,Munich,2084,14.9490098953247
45,Munich,2085,14.6829071044922
45,Paris,1986,3.97622585296631
45,Paris,1987,4.09684181213379
45,Paris,1988,4.29570150375366
45,Paris,1989,4.24684190750122
45,Paris,1990,4.38060998916626
45,Paris,1991,4.50991630554199
45,Paris,1992,4.66675996780396
45,Paris,1993,4.77219915390015
45,Paris,1994,4.88789558410645
45,Paris,1995,5.0284218788147
45,Paris,1996,5.06218957901001
45,Paris,1997,5.20612955093384
45,Paris,1998,5.19508075714111
45,Paris,1999,5.4541974067688
45,Paris,2000,5.60218000411987
45,Paris,2001,5.90183115005493
45,Paris,2002,6.22385168075562
45,Paris,2003,6.00200939178467
45,Paris,2004,6.1985878944397
45,Paris,2005,6.55446910858154
45,Paris,2006,6.63428735733032
45,Paris,2007,6.54972839355469
45,Paris,2008,6.79385471343994
45,Paris,2009,6.75464773178101
45,Paris,2010,6.77649736404419
45,Paris,2011,6.99412631988525
45,Paris,2012,7.31123542785645
45,Paris,2013,7.44930934906006
45,Paris,2014,7.8582558631897
45,Paris,2015,7.97097301483154
45,Paris,2016,8.15036487579346
45,Paris,2017,8.09738540649414
45,Paris,2018,8.01861381530762
45,Paris,2019,8.24150371551514
45,Paris,2020,8.20598220825195
45,Paris,2021,8.14352130889893
45,Paris,2022,8.23974227905273
45,Paris,2023,8.45219612121582
45,Paris,2024,8.57508563995361
45,Paris,2025,8.95921039581299
45,Paris,2026,8.97175693511963
45,Paris,2027,9.24781227111816
45,Paris,2028,9.47307586669922
45,Paris,2029,9.41597652435303
45,Paris,2030,9.47553539276123
45,Paris,2031,9.14615154266357
45,Paris,2032,8.9253568649292
45,Paris,2033,9.37825107574463
45,Paris,2034,9.53570747375488
45,Paris,2035,9.57149314880371
45,Paris,2036,9.75640869140625
45,Paris,2037,10.1822004318237
45,Paris,2038,10.3415813446045
45,Paris,2039,10.507984161377
45,Paris,2040,10.4578056335449
45,Paris,2041,10.6043920516968
45,Paris,2042,10.6250076293945
45,Paris,2043,10.7819366455078
45,Paris,2044,10.7595672607422
45,Paris,2045,10.7991313934326
45,Paris,2046,11.0505275726318
45,Paris,2047,11.1078910827637
45,Paris,2048,11.5241231918335
45,Paris,2049,11.6505355834961
45,Paris,2050,12.1785144805908
45,Paris,2051,12.5503568649292
45,Paris,2052,12.6365919113159
45,Paris,2053,12.7125625610352
45,Paris,2054,12.769063949585
45,Paris,2055,12.7182731628418
45,Paris,2056,13.0254573822021
45,Paris,2057,12.9321308135986
45,Paris,2058,12.8584423065186
45,Paris,2059,13.1828212738037
45,Paris,2060,13.3437070846558
45,Paris,2061,13.717303276062
45,Paris,2062,13.9077434539795
45,Paris,2063,13.6072158813477
45,Paris,2064,13.3474864959717
45,Paris,2065,13.5375776290894
45,Paris,2066,13.7269630432129
45,Paris,2067,13.7388887405396
45,Paris,2068,13.6901226043701
45,Paris,2069,14.1728429794312
45,Paris,2070,14.3542518615723
45,Paris,2071,14.4626712799072
45,Paris,2072,14.519250869751
45,Paris,2073,14.7213535308838
45,Paris,2074,14.7888116836548
45,Paris,2075,14.8869647979736
45,Paris,2076,14.470911026001
45,Paris,2077,14.4814405441284
45,Paris,2078,14.4880199432373
45,Paris,2079,14.5112590789795
45,Paris,2080,14.6463537216187
45,Paris,2081,14.5494260787964
45,Paris,2082,14.8417911529541
45,Paris,2083,14.9346837997437
45,Paris,2084,15.1524906158447
45,Paris,2085,15.2074880599976
45,Rome,1986,2.76575112342834
45,Rome,1987,2.97572994232178
45,Rome,1988,3.0960202217102
45,Rome,1989,3.02362704277039
45,Rome,1990,3.02627730369568
45,Rome,1991,3.12250018119812
45,Rome,1992,3.2788987159729
45,Rome,1993,3.38540434837341
45,Rome,1994,3.48799395561218
45,Rome,1995,3.72947812080383
45,Rome,1996,3.71625256538391
45,Rome,1997,3.9736704826355
45,Rome,1998,4.32729434967041
45,Rome,1999,4.46490859985352
45,Rome,2000,4.77944374084473
45,Rome,2001,5.14255905151367
45,Rome,2002,5.52587795257568
45,Rome,2003,5.59333515167236
45,Rome,2004,6.03384637832642
45,Rome,2005,6.27484655380249
45,Rome,2006,6.36176013946533
45,Rome,2007,6.45796585083008
45,Rome,2008,6.67252969741821
45,Rome,2009,7.16104221343994
45,Rome,2010,7.14607858657837
45,Rome,2011,7.52528429031372
45,Rome,2012,7.84098958969116
45,Rome,2013,8.36094951629639
45,Rome,2014,9.02799892425537
45,Rome,2015,9.32199668884277
45,Rome,2016,9.54014110565186
45,Rome,2017,9.85676097869873
45,Rome,2018,9.70929336547852
45,Rome,2019,10.0611209869385
45,Rome,2020,10.5836381912231
45,Rome,2021,10.6562604904175
45,Rome,2022,10.9198656082153
45,Rome,2023,11.1759738922119
45,Rome,2024,11.5531558990479
45,Rome,2025,12.2274370193481
45,Rome,2026,12.5400981903076
45,Rome,2027,13.0324974060059
45,Rome,2028,13.4901819229126
45,Rome,2029,13.8092269897461
45,Rome,2030,13.9709119796753
45,Rome,2031,14.0942516326904
45,Rome,2032,14.1831493377686
45,Rome,2033,15.3364715576172
45,Rome,2034,15.7597198486328
45,Rome,2035,16.0190868377686
45,Rome,2036,16.9461574554443
45,Rome,2037,17.4793586730957
45,Rome,2038,17.7982177734375
45,Rome,2039,17.8040256500244
45,Rome,2040,18.3709392547607
45,Rome,2041,19.0043182373047
45,Rome,2042,19.48996925354
45,Rome,2043,19.5543785095215
45,Rome,2044,19.5445690155029
45,Rome,2045,20.0960178375244
45,Rome,2046,20.5827484130859
45,Rome,2047,20.8102035522461
45,Rome,2048,21.4614849090576
45,Rome,2049,22.1395778656006
45,Rome,2050,22.3478355407715
45,Rome,2051,22.9955253601074
45,Rome,2052,23.2521514892578
45,Rome,2053,23.855396270752
45,Rome,2054,24.0571346282959
45,Rome,2055,23.9498691558838
45,Rome,2056,24.1855659484863
45,Rome,2057,24.1627159118652
45,Rome,2058,24.1315116882324
45,Rome,2059,24.61745262146
45,Rome,2060,25.2763957977295
45,Rome,2061,25.6339702606201
45,Rome,2062,26.2023868560791
45,Rome,2063,25.6483345031738
45,Rome,2064,25.4881744384766
45,Rome,2065,25.9977722167969
45,Rome,2066,26.0170040130615
45,Rome,2067,26.4936809539795
45,Rome,2068,26.3251419067383
45,Rome,2069,26.89892578125
45,Rome,2070,26.959680557251
45,Rome,2071,26.528844833374
45,Rome,2072,26.8638668060303
45,Rome,2073,27.4008846282959
45,Rome,2074,27.6733989715576
45,Rome,2075,27.6901111602783
45,Rome,2076,27.4513244628906
45,Rome,2077,27.2500228881836
45,Rome,2078,27.4101848602295
45,Rome,2079,27.3810596466064
45,Rome,2080,27.6864967346191
45,Rome,2081,27.75368309021
45,Rome,2082,28.1956996917725
45,Rome,2083,28.4281673431396
45,Rome,2084,28.9269180297852
45,Rome,2085,28.9460849761963
45,Valencia,1986,2.73638916015625
45,Valencia,1987,2.86496233940125
45,Valencia,1988,2.92313718795776
45,Valencia,1989,2.60799050331116
45,Valencia,1990,2.69589948654175
45,Valencia,1991,2.72096109390259
45,Valencia,1992,2.84577679634094
45,Valencia,1993,2.97235798835754
45,Valencia,1994,3.01757216453552
45,Valencia,1995,3.21968698501587
45,Valencia,1996,3.19966697692871
45,Valencia,1997,3.28709077835083
45,Valencia,1998,3.68727517127991
45,Valencia,1999,3.95606637001038
45,Valencia,2000,4.03004789352417
45,Valencia,2001,4.35086631774902
45,Valencia,2002,4.48547029495239
45,Valencia,2003,4.57395839691162
45,Valencia,2004,4.82494735717773
45,Valencia,2005,5.21449613571167
45,Valencia,2006,5.26021766662598
45,Valencia,2007,5.41412401199341
45,Valencia,2008,5.79511260986328
45,Valencia,2009,6.06054067611694
45,Valencia,2010,6.16533660888672
45,Valencia,2011,6.27862071990967
45,Valencia,2012,6.77035856246948
45,Valencia,2013,7.2003903388977
45,Valencia,2014,7.45952224731445
45,Valencia,2015,7.57556486129761
45,Valencia,2016,7.57021617889404
45,Valencia,2017,7.73617124557495
45,Valencia,2018,7.70860719680786
45,Valencia,2019,7.98430871963501
45,Valencia,2020,8.27673816680908
45,Valencia,2021,8.39293003082275
45,Valencia,2022,8.50418663024902
45,Valencia,2023,8.72216892242432
45,Valencia,2024,8.94110870361328
45,Valencia,2025,9.53362560272217
45,Valencia,2026,9.62441253662109
45,Valencia,2027,10.2504119873047
45,Valencia,2028,10.7369499206543
45,Valencia,2029,11.0827169418335
45,Valencia,2030,11.4018411636353
45,Valencia,2031,11.3275527954102
45,Valencia,2032,11.2181749343872
45,Valencia,2033,12.0111122131348
45,Valencia,2034,12.3368787765503
45,Valencia,2035,12.0439834594727
45,Valencia,2036,12.6466512680054
45,Valencia,2037,13.2753667831421
45,Valencia,2038,13.3358144760132
45,Valencia,2039,13.6873149871826
45,Valencia,2040,14.1318950653076
45,Valencia,2041,14.7211008071899
45,Valencia,2042,14.6819181442261
45,Valencia,2043,14.7647180557251
45,Valencia,2044,15.0202922821045
45,Valencia,2045,15.7476987838745
45,Valencia,2046,16.0833568572998
45,Valencia,2047,16.1419353485107
45,Valencia,2048,16.6557731628418
45,Valencia,2049,17.0464878082275
45,Valencia,2050,17.3326587677002
45,Valencia,2051,18.0117588043213
45,Valencia,2052,18.252555847168
45,Valencia,2053,18.7273960113525
45,Valencia,2054,18.8133563995361
45,Valencia,2055,18.8616008758545
45,Valencia,2056,19.5308933258057
45,Valencia,2057,19.5889377593994
45,Valencia,2058,19.4748706817627
45,Valencia,2059,19.6483612060547
45,Valencia,2060,19.8578872680664
45,Valencia,2061,20.3993453979492
45,Valencia,2062,21.0907192230225
45,Valencia,2063,20.8772773742676
45,Valencia,2064,20.8583698272705
45,Valencia,2065,21.4170093536377
45,Valencia,2066,21.2696304321289
45,Valencia,2067,21.3728866577148
45,Valencia,2068,21.4366912841797
45,Valencia,2069,21.945613861084
45,Valencia,2070,21.9368762969971
45,Valencia,2071,21.772912979126
45,Valencia,2072,22.3261127471924
45,Valencia,2073,22.8203315734863
45,Valencia,2074,23.4220714569092
45,Valencia,2075,23.0990886688232
45,Valencia,2076,23.2510738372803
45,Valencia,2077,23.3629703521729
45,Valencia,2078,23.8649044036865
45,Valencia,2079,24.1496295928955
45,Valencia,2080,24.4339008331299
45,Valencia,2081,24.4568119049072
45,Valencia,2082,24.7204532623291
45,Valencia,2083,24.8554458618164
45,Valencia,2084,25.3067359924316
45,Valencia,2085,25.1818695068359
45,Madrid,1986,3.60244941711426
45,Madrid,1987,3.75350689888
45,Madrid,1988,3.9431676864624
45,Madrid,1989,3.70323848724365
45,Madrid,1990,3.81729507446289
45,Madrid,1991,4.07619905471802
45,Madrid,1992,4.25885248184204
45,Madrid,1993,4.64654922485352
45,Madrid,1994,4.67090320587158
45,Madrid,1995,4.94783353805542
45,Madrid,1996,5.00396823883057
45,Madrid,1997,5.27033281326294
45,Madrid,1998,5.45654439926147
45,Madrid,1999,5.61601877212524
45,Madrid,2000,5.74674224853516
45,Madrid,2001,5.91593551635742
45,Madrid,2002,6.17256498336792
45,Madrid,2003,6.29911756515503
45,Madrid,2004,6.60058641433716
45,Madrid,2005,6.95612478256226
45,Madrid,2006,7.03999471664429
45,Madrid,2007,7.22745704650879
45,Madrid,2008,7.47200202941895
45,Madrid,2009,7.89730405807495
45,Madrid,2010,8.14206790924072
45,Madrid,2011,8.18096542358398
45,Madrid,2012,8.59296703338623
45,Madrid,2013,8.92171764373779
45,Madrid,2014,9.1959285736084
45,Madrid,2015,9.22695350646973
45,Madrid,2016,9.20510101318359
45,Madrid,2017,9.35336303710938
45,Madrid,2018,9.35089588165283
45,Madrid,2019,9.65502548217773
45,Madrid,2020,9.88895511627197
45,Madrid,2021,9.84603786468506
45,Madrid,2022,10.1319808959961
45,Madrid,2023,10.2083406448364
45,Madrid,2024,10.6153144836426
45,Madrid,2025,11.1131658554077
45,Madrid,2026,11.5802936553955
45,Madrid,2027,11.9836330413818
45,Madrid,2028,12.344274520874
45,Madrid,2029,12.6110172271729
45,Madrid,2030,13.0695095062256
45,Madrid,2031,13.3692569732666
45,Madrid,2032,13.5742998123169
45,Madrid,2033,14.1791849136353
45,Madrid,2034,14.3219919204712
45,Madrid,2035,14.2794532775879
45,Madrid,2036,14.9268426895142
45,Madrid,2037,15.5910844802856
45,Madrid,2038,16.0972537994385
45,Madrid,2039,16.3086071014404
45,Madrid,2040,16.9482345581055
45,Madrid,2041,17.5408840179443
45,Madrid,2042,17.7411670684814
45,Madrid,2043,17.6933670043945
45,Madrid,2044,17.8977146148682
45,Madrid,2045,18.3416137695312
45,Madrid,2046,18.7103519439697
45,Madrid,2047,18.8666305541992
45,Madrid,2048,19.27170753479
45,Madrid,2049,19.6486377716064
45,Madrid,2050,19.9278507232666
45,Madrid,2051,20.5005416870117
45,Madrid,2052,20.7343292236328
45,Madrid,2053,21.1246204376221
45,Madrid,2054,21.1751079559326
45,Madrid,2055,21.2544536590576
45,Madrid,2056,21.3929405212402
45,Madrid,2057,21.6840362548828
45,Madrid,2058,21.8930168151855
45,Madrid,2059,22.3804454803467
45,Madrid,2060,22.4814949035645
45,Madrid,2061,23.1092643737793
45,Madrid,2062,23.6285400390625
45,Madrid,2063,23.4900207519531
45,Madrid,2064,23.8973293304443
45,Madrid,2065,24.2630157470703
45,Madrid,2066,24.2961883544922
45,Madrid,2067,24.4541778564453
45,Madrid,2068,24.6869411468506
45,Madrid,2069,24.8002853393555
45,Madrid,2070,24.8058986663818
45,Madrid,2071,24.9470443725586
45,Madrid,2072,25.2299499511719
45,Madrid,2073,26.158145904541
45,Madrid,2074,26.5444679260254
45,Madrid,2075,26.3910789489746
45,Madrid,2076,26.6094646453857
45,Madrid,2077,27.086856842041
45,Madrid,2078,27.3477668762207
45,Madrid,2079,27.3389873504639
45,Madrid,2080,27.5373249053955
45,Madrid,2081,27.7102870941162
45,Madrid,2082,28.1495685577393
45,Madrid,2083,28.2120819091797
45,Madrid,2084,28.452278137207
45,Madrid,2085,28.2928867340088
45,Berlin,1986,3.59421682357788
45,Berlin,1987,3.70673489570618
45,Berlin,1988,3.7392373085022
45,Berlin,1989,3.78756475448608
45,Berlin,1990,3.87002873420715
45,Berlin,1991,4.093337059021
45,Berlin,1992,4.23919057846069
45,Berlin,1993,4.33417272567749
45,Berlin,1994,4.41330003738403
45,Berlin,1995,4.49994897842407
45,Berlin,1996,4.5807785987854
45,Berlin,1997,4.74743461608887
45,Berlin,1998,4.72493839263916
45,Berlin,1999,4.87735462188721
45,Berlin,2000,5.01238012313843
45,Berlin,2001,5.09153699874878
45,Berlin,2002,5.39153718948364
45,Berlin,2003,5.30985736846924
45,Berlin,2004,5.13074064254761
45,Berlin,2005,5.21824979782104
45,Berlin,2006,5.30072259902954
45,Berlin,2007,5.2673807144165
45,Berlin,2008,5.21574640274048
45,Berlin,2009,5.30657148361206
45,Berlin,2010,5.54904985427856
45,Berlin,2011,5.80655241012573
45,Berlin,2012,5.99159669876099
45,Berlin,2013,6.22745275497437
45,Berlin,2014,6.61575508117676
45,Berlin,2015,6.71080493927002
45,Berlin,2016,6.96910858154297
45,Berlin,2017,7.15986585617065
45,Berlin,2018,7.0040168762207
45,Berlin,2019,7.23819160461426
45,Berlin,2020,7.41149997711182
45,Berlin,2021,7.1198525428772
45,Berlin,2022,7.25400638580322
45,Berlin,2023,7.26152753829956
45,Berlin,2024,7.44985961914062
45,Berlin,2025,7.80572748184204
45,Berlin,2026,7.86071586608887
45,Berlin,2027,8.025710105896
45,Berlin,2028,8.12657070159912
45,Berlin,2029,8.10074806213379
45,Berlin,2030,8.13909912109375
45,Berlin,2031,8.0374755859375
45,Berlin,2032,7.91832447052002
45,Berlin,2033,8.2241735458374
45,Berlin,2034,8.47338008880615
45,Berlin,2035,8.61336612701416
45,Berlin,2036,8.76665115356445
45,Berlin,2037,8.90749549865723
45,Berlin,2038,9.22911262512207
45,Berlin,2039,9.26492977142334
45,Berlin,2040,9.13329887390137
45,Berlin,2041,9.14246368408203
45,Berlin,2042,9.25909233093262
45,Berlin,2043,9.19907760620117
45,Berlin,2044,9.01904106140137
45,Berlin,2045,9.25813579559326
45,Berlin,2046,9.34314155578613
45,Berlin,2047,9.38655948638916
45,Berlin,2048,9.75154304504395
45,Berlin,2049,9.92987728118896
45,Berlin,2050,10.3523950576782
45,Berlin,2051,10.6207151412964
45,Berlin,2052,10.6065435409546
45,Berlin,2053,10.9007625579834
45,Berlin,2054,10.9982490539551
45,Berlin,2055,10.7415494918823
45,Berlin,2056,10.9557704925537
45,Berlin,2057,10.7749319076538
45,Berlin,2058,10.7699251174927
45,Berlin,2059,10.8749532699585
45,Berlin,2060,10.9807424545288
45,Berlin,2061,11.0023975372314
45,Berlin,2062,10.9790697097778
45,Berlin,2063,10.7673721313477
45,Berlin,2064,10.5906620025635
45,Berlin,2065,10.7189960479736
45,Berlin,2066,11.1265277862549
45,Berlin,2067,11.2115345001221
45,Berlin,2068,10.9648790359497
45,Berlin,2069,11.280704498291
45,Berlin,2070,11.4356546401978
45,Berlin,2071,11.3931465148926
45,Berlin,2072,11.5256567001343
45,Berlin,2073,11.6889591217041
45,Berlin,2074,11.6781902313232
45,Berlin,2075,11.6298627853394
45,Berlin,2076,11.4140272140503
45,Berlin,2077,11.1931457519531
45,Berlin,2078,11.1106548309326
45,Berlin,2079,11.0939979553223
45,Berlin,2080,10.8631582260132
45,Berlin,2081,11.1315269470215
45,Berlin,2082,11.3181762695312
45,Berlin,2083,11.3022632598877
45,Berlin,2084,11.3689498901367
45,Berlin,2085,11.5164756774902
